{
  "id": "1514940",
  "name": "cqyzy",
  "font_family": "iconfont",
  "css_prefix_text": "icon-",
  "description": "",
  "glyphs": [
    {
      "icon_id": "109786",
      "name": "service",
      "font_class": "service",
      "unicode": "e649",
      "unicode_decimal": 58953
    },
    {
      "icon_id": "262635",
      "name": "service-bao",
      "font_class": "servicebaoshuicang",
      "unicode": "f0298",
      "unicode_decimal": 983704
    },
    {
      "icon_id": "662296",
      "name": "airWave",
      "font_class": "air",
      "unicode": "e60b",
      "unicode_decimal": 58891
    },
    {
      "icon_id": "6801753",
      "name": "Gas-Can",
      "font_class": "Gas-Can",
      "unicode": "e699",
      "unicode_decimal": 59033
    },
    {
      "icon_id": "6804462",
      "name": "Gas-Pump",
      "font_class": "Gas-Pump",
      "unicode": "e8ae",
      "unicode_decimal": 59566
    },
    {
      "icon_id": "7824124",
      "name": "repair",
      "font_class": "repair",
      "unicode": "e620",
      "unicode_decimal": 58912
    },
    {
      "icon_id": "11494362",
      "name": "services-fill",
      "font_class": "Exportservices-fill",
      "unicode": "e798",
      "unicode_decimal": 59288
    },
    {
      "icon_id": "19009808",
      "name": "environment-protection",
      "font_class": "huanbao-environmentprotection",
      "unicode": "e63e",
      "unicode_decimal": 58942
    },
    {
      "icon_id": "19013307",
      "name": "environment",
      "font_class": "huanbao-environmentprotection1",
      "unicode": "e64f",
      "unicode_decimal": 58959
    },
    {
      "icon_id": "22994338",
      "name": "ADJUST_BY_MATERIAL",
      "font_class": "ADJUST_BY_MATERIAL",
      "unicode": "ea12",
      "unicode_decimal": 59922
    },
    {
      "icon_id": "24176530",
      "name": "油气罐1",
      "font_class": "gas",
      "unicode": "e63f",
      "unicode_decimal": 58943
    },
    {
      "icon_id": "7419",
      "name": "关键词",
      "font_class": "guanjianci",
      "unicode": "e600",
      "unicode_decimal": 58880
    },
    {
      "icon_id": "551209",
      "name": "o2o名片",
      "font_class": "o2o_card",
      "unicode": "e605",
      "unicode_decimal": 58885
    },
    {
      "icon_id": "566270",
      "name": "回答",
      "font_class": "huida",
      "unicode": "e647",
      "unicode_decimal": 58951
    },
    {
      "icon_id": "782361",
      "name": "客服",
      "font_class": "kefu",
      "unicode": "e658",
      "unicode_decimal": 58968
    },
    {
      "icon_id": "783681",
      "name": "后期维护 维护 维护管理",
      "font_class": "houqiweihuweihuweihuguanli",
      "unicode": "e68d",
      "unicode_decimal": 59021
    },
    {
      "icon_id": "787543",
      "name": "技术合作 洽谈 合作 会谈",
      "font_class": "jishuhezuoqiatanhezuohuitan",
      "unicode": "e691",
      "unicode_decimal": 59025
    },
    {
      "icon_id": "845779",
      "name": "钱",
      "font_class": "qian4",
      "unicode": "e641",
      "unicode_decimal": 58945
    },
    {
      "icon_id": "898447",
      "name": "盾牌",
      "font_class": "dunpai",
      "unicode": "e646",
      "unicode_decimal": 58950
    },
    {
      "icon_id": "900276",
      "name": "排名",
      "font_class": "paiming",
      "unicode": "e6f1",
      "unicode_decimal": 59121
    },
    {
      "icon_id": "1017253",
      "name": "iOS",
      "font_class": "ios",
      "unicode": "e676",
      "unicode_decimal": 58998
    },
    {
      "icon_id": "1017255",
      "name": "安卓",
      "font_class": "anzhuo",
      "unicode": "e677",
      "unicode_decimal": 58999
    },
    {
      "icon_id": "1028071",
      "name": "钱",
      "font_class": "qian",
      "unicode": "e67c",
      "unicode_decimal": 59004
    },
    {
      "icon_id": "1330924",
      "name": "问号",
      "font_class": "wenhao",
      "unicode": "e61f",
      "unicode_decimal": 58911
    },
    {
      "icon_id": "1374719",
      "name": "电话",
      "font_class": "dianhua",
      "unicode": "e607",
      "unicode_decimal": 58887
    },
    {
      "icon_id": "1517637",
      "name": "关闭",
      "font_class": "guanbi",
      "unicode": "e654",
      "unicode_decimal": 58964
    },
    {
      "icon_id": "1615637",
      "name": "流量钱包",
      "font_class": "liuliangqianbao",
      "unicode": "e72d",
      "unicode_decimal": 59181
    },
    {
      "icon_id": "1722991",
      "name": "轮播右翻滚",
      "font_class": "lunboyoufangun",
      "unicode": "e7bd",
      "unicode_decimal": 59325
    },
    {
      "icon_id": "1722995",
      "name": "轮播左翻滚",
      "font_class": "lunbozuofangun",
      "unicode": "e7be",
      "unicode_decimal": 59326
    },
    {
      "icon_id": "4487894",
      "name": "数据",
      "font_class": "shuju",
      "unicode": "e694",
      "unicode_decimal": 59028
    },
    {
      "icon_id": "4734147",
      "name": "市场",
      "font_class": "ic_market",
      "unicode": "e60c",
      "unicode_decimal": 58892
    },
    {
      "icon_id": "4974166",
      "name": "网站",
      "font_class": "wangzhan",
      "unicode": "e6f5",
      "unicode_decimal": 59125
    },
    {
      "icon_id": "5121489",
      "name": "导航",
      "font_class": "daohang1",
      "unicode": "e63b",
      "unicode_decimal": 58939
    },
    {
      "icon_id": "5121508",
      "name": "三角右",
      "font_class": "sanjiaoyou",
      "unicode": "e645",
      "unicode_decimal": 58949
    },
    {
      "icon_id": "5238529",
      "name": "指纹",
      "font_class": "zhiwenshibiezhiwen",
      "unicode": "e626",
      "unicode_decimal": 58918
    },
    {
      "icon_id": "5354204",
      "name": "邮箱",
      "font_class": "youxiang-",
      "unicode": "e6af",
      "unicode_decimal": 59055
    },
    {
      "icon_id": "5460561",
      "name": "软件开发包",
      "font_class": "ruanjiankaifabao",
      "unicode": "ec2e",
      "unicode_decimal": 60462
    },
    {
      "icon_id": "6138096",
      "name": "培训",
      "font_class": "peixun",
      "unicode": "e635",
      "unicode_decimal": 58933
    },
    {
      "icon_id": "6171698",
      "name": "地址",
      "font_class": "dizhi",
      "unicode": "e628",
      "unicode_decimal": 58920
    },
    {
      "icon_id": "6241660",
      "name": "后台总览",
      "font_class": "houtaizonglan",
      "unicode": "e625",
      "unicode_decimal": 58917
    },
    {
      "icon_id": "6468791",
      "name": "11支付尾款",
      "font_class": "zhifuweikuan",
      "unicode": "e62e",
      "unicode_decimal": 58926
    },
    {
      "icon_id": "6554316",
      "name": "公众号管理",
      "font_class": "gongzhonghaoguanli",
      "unicode": "e664",
      "unicode_decimal": 58980
    },
    {
      "icon_id": "7164645",
      "name": "推广人管理",
      "font_class": "tuiguangrenguanli-",
      "unicode": "e633",
      "unicode_decimal": 58931
    },
    {
      "icon_id": "7197965",
      "name": "合同",
      "font_class": "hetong",
      "unicode": "e6c8",
      "unicode_decimal": 59080
    },
    {
      "icon_id": "7342740",
      "name": "小程序",
      "font_class": "xiaochengxu",
      "unicode": "e63c",
      "unicode_decimal": 58940
    },
    {
      "icon_id": "7533291",
      "name": "qq",
      "font_class": "qq",
      "unicode": "e604",
      "unicode_decimal": 58884
    },
    {
      "icon_id": "7761763",
      "name": "验收",
      "font_class": "yanshou",
      "unicode": "e61d",
      "unicode_decimal": 58909
    },
    {
      "icon_id": "7933285",
      "name": "喇叭",
      "font_class": "laba",
      "unicode": "e60d",
      "unicode_decimal": 58893
    },
    {
      "icon_id": "8153163",
      "name": "场景",
      "font_class": "changjing",
      "unicode": "e61b",
      "unicode_decimal": 58907
    },
    {
      "icon_id": "8526765",
      "name": "事务中心_域名申请服务",
      "font_class": "shiwuzhongxin_yumingshenqingfuwu",
      "unicode": "e6ef",
      "unicode_decimal": 59119
    },
    {
      "icon_id": "11759980",
      "name": "云",
      "font_class": "yun",
      "unicode": "e7c4",
      "unicode_decimal": 59332
    }
  ]
}
